time,dt,error,p,i,d
1763500370.8262694,0.045433759689331055,[ 0.37578125 -0.02916667],[ 0.22546875 -0.0175    ],[ 0.03585363 -0.00278282],[0.1412314  0.07958327]
1763500370.8832526,0.056983232498168945,[ 0.37578125 -0.01666667],[ 0.22546875 -0.01      ],[ 0.08082141 -0.00477723],[-0.         0.4825981]
1763500370.9395585,0.056305885314941406,[ 0.37824603 -0.009375  ],[ 0.22694762 -0.005625  ],[ 0.12554611 -0.00588575],[0.09630473 0.28490213]
1763500370.9960265,0.05646800994873047,[0.37907922 0.00203336],[0.22744753 0.00122002],[ 0.1704984  -0.00564463],[0.03246116 0.44447102]
1763500371.0534658,0.057439327239990234,[0.38150308 0.00833333],[0.22890185 0.005     ],[ 0.21651628 -0.00463944],[0.0928369  0.24129704]
1763500371.1106472,0.057181358337402344,[0.38229781 0.01785049],[0.22937869 0.0107103 ],[ 0.26242293 -0.00249594],[0.0305766  0.36616399]
1763500371.169123,0.05847573280334473,[0.38338245 0.02326911],[0.23002947 0.01396147],[0.30950193 0.00036148],[0.04080672 0.20386167]
1763500371.2251704,0.05604743957519531,[0.38503522 0.03125   ],[0.23102113 0.01875   ],[0.35482043 0.0040396 ],[0.06487511 0.31326947]
1763500371.2826982,0.057527780532836914,[0.38824241 0.04299116],[0.23294545 0.0257947 ],[0.40172335 0.00923329],[0.1226508  0.44901011]
1763500371.3406148,0.05791664123535156,[0.38984375 0.05245832],[0.23390625 0.03147499],[0.44913807 0.01561353],[0.06082784 0.3596159 ]
1763500371.3969865,0.05637168884277344,[0.39395907 0.06354167],[0.23637544 0.038125  ],[0.49577516 0.02313563],[0.16060726 0.43254633]
1763500371.4532506,0.05626416206359863,[0.39746875 0.07418451],[0.23848125 0.04451071],[0.54273798 0.03190088],[0.13723279 0.41614878]
1763500371.5104077,0.057157039642333984,[0.40080154 0.0873628 ],[0.24048092 0.05241768],[0.5908461  0.04238702],[0.12828072 0.50723808]
1763500371.5671146,0.056706905364990234,[0.40278125 0.08790627],[0.24166875 0.05274376],[0.63881111 0.05285529],[0.07680474 0.02108434]
1763500371.62341,0.05629539489746094,[0.40078125 0.09375   ],[0.24046875 0.05625   ],[0.6861916  0.06393844],[-0.07815907  0.22837066]
1763500371.6813142,0.05790424346923828,[0.39765625 0.09791667],[0.23859375 0.05875   ],[0.73454617 0.075845  ],[-0.1187305   0.15830734]
1763500371.7380307,0.0567164421081543,[0.39695889 0.09638214],[0.23817533 0.05782928],[0.78182577 0.08732455],[-0.02705031 -0.05952341]
1763500371.7954402,0.05740952491760254,[0.39397912 0.09342823],[0.23638747 0.05605694],[0.82932389 0.09858826],[-0.11418816 -0.11319731]
1763500371.852089,0.05664873123168945,[0.38863704 0.09046291],[0.23318223 0.05427774],[0.87555706 0.10934994],[-0.20746399 -0.11516076]
1763500371.9116826,0.05959367752075195,[0.38603005 0.08621333],[0.23161803 0.051728  ],[0.92386746 0.12013926],[-0.09624131 -0.15688007]
1763500371.9701319,0.05844926834106445,[0.37892654 0.0811128 ],[0.22735592 0.04866768],[0.97037821 0.13009532],[-0.26737259 -0.19198153]
1763500372.0280693,0.0579373836517334,[0.37205106 0.06666667],[0.22323064 0.04      ],[1.01564511 0.13820656],[-0.26107589 -0.54854892]
1763500372.0851207,0.05705142021179199,[0.36281078 0.05414076],[0.21768647 0.03248446],[1.05911274 0.14469305],[-0.35632101 -0.48302037]
1763500372.1415277,0.05640697479248047,[0.35772864 0.04527426],[0.21463718 0.02716455],[1.10148736 0.150056  ],[-0.19821508 -0.34581365]
1763500372.1991255,0.05759787559509277,[0.34503987 0.02967377],[0.20702392 0.01780426],[1.14322184 0.1536452 ],[-0.48465832 -0.59587405]
1763500372.2570922,0.05796670913696289,[0.33086017 0.01195456],[0.1985161  0.00717274],[1.18349748 0.15510043],[-0.53815938 -0.67249378]
1763500372.3160057,0.058913469314575195,[ 0.31672832 -0.00886383],[ 0.19003699 -0.0053183 ],[1.22268256 0.15400382],[-0.52772453 -0.77741922]
1763500372.3745444,0.05853867530822754,[ 0.30859375 -0.01979167],[ 0.18515625 -0.011875  ],[1.26061837 0.1515708 ],[-0.30571326 -0.41068984]
1763500372.4331062,0.05856180191040039,[ 0.29143105 -0.040625  ],[ 0.17485863 -0.024375  ],[1.29645849 0.14657475],[-0.64475389 -0.78264896]
1763500372.4915957,0.05848956108093262,[ 0.27109375 -0.06206315],[ 0.16265625 -0.03723789],[1.32975642 0.13895165],[-0.76495787 -0.80636505]
1763500372.5507329,0.05913710594177246,[ 0.26108057 -0.0715613 ],[ 0.15664834 -0.04293678],[1.36217947 0.1300646 ],[-0.37250698 -0.35334723]
1763500372.6097522,0.05901932716369629,[ 0.23740532 -0.08909556],[ 0.14244319 -0.05345734],[1.39160363 0.11902204],[-0.88251688 -0.65360561]
1763500372.6682818,0.05852961540222168,[ 0.21405575 -0.10845038],[ 0.12843345 -0.06507023],[1.41791369 0.10569217],[-0.87765922 -0.72750529]
1763500372.7276373,0.05935549736022949,[ 0.18677402 -0.1224858 ],[ 0.11206441 -0.07349148],[1.44119443 0.09042474],[-1.0111923  -0.52021996]
1763500372.7863002,0.05866289138793945,[ 0.15706992 -0.13832506],[ 0.09424195 -0.08299503],[1.46054419 0.07338419],[-1.11397521 -0.59401043]
1763500372.844262,0.05796170234680176,[ 0.14183843 -0.14297428],[ 0.08510306 -0.08578457],[1.47780871 0.05598142],[-0.57812792 -0.17646647]
1763500372.9022222,0.05796027183532715,[ 0.10639608 -0.15475101],[ 0.06383765 -0.09285061],[1.49075887 0.03714566],[-1.34528657 -0.44700987]
1763500372.9598298,0.05760765075683594,[ 0.07153502 -0.16947072],[ 0.04292101 -0.10168243],[1.4994129  0.01664376],[-1.33132214 -0.56213643]
1763500373.019134,0.059304237365722656,[ 0.0326858  -0.17942772],[ 0.01961148 -0.10765663],[ 1.50348355 -0.00570197],[-1.44118308 -0.36937311]
1763500373.0783062,0.05917215347290039,[ 0.01171875 -0.18541667],[ 0.00703125 -0.11125   ],[ 1.50493974 -0.02874213],[-0.77954776 -0.22266698]
1763500373.135744,0.057437896728515625,[-0.03066702 -0.19094499],[-0.01840021 -0.11456699],[ 1.5012407  -0.05177384],[-1.62346981 -0.21174714]
1763500373.1933758,0.057631731033325195,[-0.07398429 -0.19367644],[-0.04439057 -0.11620586],[ 1.49228663 -0.07521384],[-1.65356815 -0.10426879]
1763500373.2520406,0.058664798736572266,[-0.09609375 -0.196875  ],[-0.05765625 -0.118125  ],[ 1.48044826 -0.09946807],[-0.82913118 -0.11994982]
1763500373.3108733,0.058832645416259766,[-0.14120851 -0.19895573],[-0.0847251  -0.11937344],[ 1.46300215 -0.12404876],[-1.68703042 -0.07780712]
1763500373.3690653,0.05819201469421387,[-0.18882213 -0.20080128],[-0.11329328 -0.12048077],[ 1.43992748 -0.14858733],[-1.80007457 -0.06977265]
1763500373.4279923,0.058927059173583984,[-0.21484375 -0.17916667],[-0.12890625 -0.1075    ],[ 1.41334124 -0.17075864],[-0.97149888  0.80771285]
1763500373.4867733,0.05878090858459473,[-0.22568622 -0.14004084],[-0.13541173 -0.08402451],[ 1.38548256 -0.18804526],[-0.40580227  1.46436683]
1763500373.5453446,0.05857133865356445,[-0.22963543 -0.12496529],[-0.13778126 -0.07497917],[ 1.35723744 -0.20341597],[-0.14833652  0.56625348]
1763500373.601042,0.05569744110107422,[-0.24178214 -0.08662542],[-0.14506928 -0.05197525],[ 1.32895749 -0.21354808],[-0.47978443  1.51439116]
1763500373.6584568,0.05741477012634277,[-0.24784856 -0.04479167],[-0.14870914 -0.026875  ],[ 1.29907413 -0.21894866],[-0.23245097  1.60297169]
1763500373.7164361,0.05797934532165527,[-0.24322915 -0.00208333],[-0.14593749 -0.00125   ],[ 1.26945937 -0.21920232],[0.17528133 1.62054837]
1763500373.7749722,0.05853605270385742,[-0.24140625  0.01458333],[-0.14484375  0.00875   ],[ 1.23978434 -0.21740965],[0.06851131 0.62639459]
1763500373.832386,0.05741381645202637,[-0.23559084  0.06776352],[-0.1413545   0.04065811],[ 1.21137938 -0.20923947],[0.22283666 2.03777446]
1763500373.8894145,0.05702853202819824,[-0.22438822  0.10654246],[-0.13463293  0.06392548],[ 1.18450667 -0.19647995],[0.43216556 1.49598222]
1763500373.9469504,0.05753588676452637,[-0.2186182   0.12435563],[-0.13117092  0.07461338],[ 1.15809205 -0.18145464],[0.22062812 0.68112242]
1763500374.006111,0.059160470962524414,[-0.20913916  0.15719341],[-0.12548349  0.09431604],[ 1.13210923 -0.1619254 ],[0.35249721 1.221138  ]
1763500374.0646033,0.058492422103881836,[-0.20034857  0.178125  ],[-0.12020914  0.106875  ],[ 1.10749959 -0.14004558],[0.33062906 0.78727302]
1763500374.1222372,0.05763387680053711,[-0.19359202  0.1960859 ],[-0.11615521  0.11765154],[ 1.08406893 -0.11631308],[0.25791076 0.68560329]
1763500374.1807425,0.05850529670715332,[-0.19093752  0.2       ],[-0.11456251  0.12      ],[ 1.06061013 -0.09174086],[0.09981849 0.14718367]
1763500374.2388034,0.05806088447570801,[-0.18799281  0.20625   ],[-0.11279569  0.12375   ],[ 1.03768857 -0.06659324],[0.11157869 0.23682037]
1763500374.2963645,0.05756115913391113,[-0.18695469  0.20205606],[-0.11217281  0.12123363],[ 1.01508978 -0.04216902],[ 0.03967726 -0.16029336]
1763500374.3538866,0.05752205848693848,[-0.18952408  0.19510326],[-0.11371445  0.11706196],[ 0.99219597 -0.01860126],[-0.09826937 -0.26591795]
1763500374.4123986,0.058511972427368164,[-0.19140625  0.1875    ],[-0.11484375  0.1125    ],[0.9686769  0.00443783],[-0.07076804 -0.2858762 ]
1763500374.470583,0.05818438529968262,[-0.19741378  0.16467314],[-0.11844827  0.09880388],[0.94455546 0.02455878],[-0.22714964 -0.86310265]
1763500374.5289028,0.058319807052612305,[-0.20653434  0.14174808],[-0.1239206   0.08504885],[0.91926087 0.04191889],[-0.34405517 -0.86480275]
1763500374.5869567,0.05805397033691406,[-0.22008805  0.10860717],[-0.13205283  0.0651643 ],[0.8924292  0.05515956],[-0.51362848 -1.25590049]
1763500374.6456356,0.05867886543273926,[-0.22828627  0.09354038],[-0.13697176  0.05612423],[0.86429849 0.06668613],[-0.3073691  -0.56488689]
1763500374.7038193,0.05818367004394531,[-0.23027034  0.06145833],[-0.1381622  0.036875 ],[0.83616274 0.07419546],[-0.07502032 -1.21306387]
1763500374.7621415,0.05832219123840332,[-0.22914038  0.02247486],[-0.13748423  0.01348492],[0.80809841 0.0769481 ],[ 0.04262381 -1.47051469]
1763500374.8204405,0.05829906463623047,[-0.23359375 -0.00625   ],[-0.14015625 -0.00375   ],[0.77949998 0.07618293],[-0.16805451 -1.08397442]
1763500374.8786118,0.05817127227783203,[-0.23798676 -0.02183139],[-0.14279205 -0.01309883],[0.7504276  0.07351601],[-0.16614063 -0.58927794]
1763500374.9371467,0.058534860610961914,[-0.24686375 -0.05155691],[-0.14811825 -0.03093414],[0.72008231 0.06717847],[-0.33363675 -1.11721704]
1763500374.995498,0.05835127830505371,[-0.24169469 -0.07083333],[-0.14501681 -0.0425    ],[0.69046561 0.05849872],[ 0.19488737 -0.72677315]
1763500375.053402,0.05790400505065918,[-0.23362451 -0.08429159],[-0.1401747  -0.05057495],[0.66205724 0.048249  ],[ 0.30661786 -0.51133172]
1763500375.1112392,0.05783724784851074,[-0.23149376 -0.08430672],[-0.13889626 -0.05058403],[0.63394042 0.03800925],[ 0.08104886 -0.00057557]
1763500375.1675792,0.05633997917175293,[-0.22672305 -0.08656534],[-0.13603383 -0.0519392 ],[0.60711592 0.02776736],[ 0.1862897 -0.088196 ]
1763500375.2246614,0.057082176208496094,[-0.22421875 -0.08333333],[-0.13453125 -0.05      ],[0.58023824 0.01777798],[0.09651809 0.12456436]
1763500375.2820156,0.05735421180725098,[-0.22300053 -0.07258123],[-0.13380032 -0.04354874],[0.5533792  0.00903602],[0.04672877 0.41243061]
1763500375.3395147,0.05749917030334473,[-0.22265625 -0.06875   ],[-0.13359375 -0.04125   ],[0.52649384 0.00073458],[0.01317251 0.14658822]
1763500375.3992054,0.05969071388244629,[-0.22421875 -0.05208333],[-0.13453125 -0.03125   ],[ 0.49838791 -0.00579409],[-0.05758852  0.61427757]
1763500375.4563417,0.05713629722595215,[-0.22890625 -0.03125   ],[-0.13734375 -0.01875   ],[ 0.47092232 -0.00954366],[-0.18048947  0.80217542]
1763500375.5136216,0.05727982521057129,[-0.23515625 -0.00520833],[-0.14109375 -0.003125  ],[ 0.44263593 -0.01017016],[-0.24004962  1.00020673]
1763500375.5730565,0.05943489074707031,[-0.23828125  0.00208333],[-0.14296875  0.00125   ],[ 0.41289527 -0.00991013],[-0.1156728   0.26990319]
1763500375.6331623,0.06010580062866211,[-0.24681492  0.02395833],[-0.14808895  0.014375  ],[ 0.38174175 -0.00688606],[-0.3123504   0.80067147]
1763500375.692728,0.05956578254699707,[-0.23781548  0.03706036],[-0.14268929  0.02223621],[ 0.35199385 -0.00225025],[0.33238504 0.48390954]
1763500375.750454,0.05772590637207031,[-0.2323678  0.04375  ],[-0.13942068  0.02625   ],[0.3238252  0.00305332],[0.20761705 0.25494994]
1763500375.8073423,0.05688834190368652,[-0.22546782  0.05100187],[-0.13528069  0.03060112],[0.29688957 0.00914628],[0.2668376  0.28044598]
1763500375.864372,0.05702972412109375,[-0.21796875  0.05625   ],[-0.13078125  0.03375   ],[0.27078511 0.01588292],[0.28928712 0.20245396]
1763500375.9212773,0.056905269622802734,[-0.21048079  0.0625    ],[-0.12628847  0.0375    ],[0.24563243 0.02335174],[0.28949028 0.24162964]
1763500375.97777,0.05649280548095703,[-0.20078125  0.06041667],[-0.12046875  0.03625   ],[0.22181277 0.03051926],[ 0.37772912 -0.08113127]
1763500376.0344357,0.056665658950805664,[-0.19631271  0.06181663],[-0.11778763  0.03708998],[0.19845197 0.03787531],[0.17348744 0.05435244]
1763500376.091961,0.0575251579284668,[-0.18620296  0.06099313],[-0.11172177  0.03659588],[0.17595813 0.04524345],[ 0.38663898 -0.03149396]
1763500376.1491907,0.05722975730895996,[-0.17578125  0.05416667],[-0.10546875  0.0325    ],[0.1548323  0.05175334],[ 0.4006264 -0.2624198]
1763500376.2073755,0.05818486213684082,[-0.17097888  0.05248162],[-0.10258733  0.03148897],[0.13394069 0.05816597],[ 0.18158012 -0.06371251]
1763500376.2660806,0.05870509147644043,[-0.16096473  0.04677372],[-0.09657884  0.02806423],[0.11409685 0.06393227],[ 0.37528492 -0.21390614]
1763500376.3248608,0.05878019332885742,[-0.15225086  0.04016609],[-0.09135052  0.02409966],[0.09530325 0.06889031],[ 0.32613883 -0.24730748]
1763500376.3840241,0.05916333198547363,[-0.14671741  0.03158738],[-0.08803044  0.01895243],[0.07707464 0.07281482],[ 0.20576267 -0.31900114]
1763500376.4434159,0.05939173698425293,[-0.13890085  0.0240661 ],[-0.08334051  0.01443966],[0.05975056 0.07581641],[ 0.28954224 -0.27860467]
1763500376.502659,0.059243202209472656,[-0.13046875  0.01354167],[-0.07828125  0.008125  ],[0.04351884 0.07750113],[ 0.31312664 -0.39082543]
1763500376.562539,0.05988001823425293,[-0.12173309 -0.00019318],[-0.07303986 -0.00011591],[0.02821115 0.07747684],[ 0.32094921 -0.50462023]
1763500376.6219492,0.05941009521484375,[-0.11484375 -0.01145833],[-0.06890625 -0.006875  ],[0.0138831  0.07604729],[ 0.2551175  -0.41715691]
1763500376.6813154,0.05936622619628906,[-0.11231399 -0.01770833],[-0.06738839 -0.010625  ],[-0.00011898  0.0738396 ],[ 0.09374827 -0.23161317]
1763500376.7405143,0.059198856353759766,[-0.10716858 -0.02544289],[-0.06430115 -0.01526573],[-0.01344192  0.07067661],[ 0.19121813 -0.28743827]
1763500376.7996492,0.05913496017456055,[-0.10307474 -0.03916893],[-0.06184484 -0.02350136],[-0.02624209  0.06581247],[ 0.15230319 -0.51065049]
1763500376.8589318,0.059282541275024414,[-0.10140085 -0.0446839 ],[-0.06084051 -0.02681034],[-0.03886582  0.06024963],[ 0.06211873 -0.20466291]
1763500376.917026,0.05809426307678223,[-0.10073891 -0.04855073],[-0.06044334 -0.02913044],[-0.05115576  0.05432654],[ 0.02506753 -0.14643493]
1763500376.9744322,0.05740618705749512,[-0.09963684 -0.052436  ],[-0.0597821 -0.0314616],[-0.06316728  0.04800522],[ 0.04223491 -0.14889671]
1763500377.0337374,0.05930519104003906,[-0.09940519 -0.05508734],[-0.05964312 -0.03305241],[-0.0755473   0.04114459],[ 0.00859325 -0.09835483]
1763500377.0909705,0.05723309516906738,[-0.10078125 -0.05416667],[-0.06046875 -0.0325    ],[-0.08766014  0.03463433],[-0.05289465  0.03539018]
1763500377.1481583,0.057187795639038086,[-0.10134912 -0.05316798],[-0.06080947 -0.03190079],[-0.0998316   0.02824915],[-0.02184564  0.03841926]
1763500377.2068124,0.058654069900512695,[-0.1030725  -0.05100168],[-0.0618435  -0.03060101],[-0.11252741  0.0219671 ],[-0.06464081  0.08125381]
1763500377.2661252,0.05931282043457031,[-0.10614028 -0.04469414],[-0.06368417 -0.02681648],[-0.12574791  0.01640013],[-0.11378847  0.2339559 ]
1763500377.3243883,0.05826306343078613,[-0.10859375 -0.03913689],[-0.06515625 -0.02348213],[-0.13903462  0.01161164],[-0.09264248  0.20984053]
1763500377.383229,0.05884075164794922,[-0.11063752 -0.03534997],[-0.06638251 -0.02120998],[-0.15270561  0.0072436 ],[-0.07641469  0.14158911]
1763500377.4425762,0.05934715270996094,[-0.11584821 -0.02529761],[-0.06950892 -0.01517857],[-0.16714366  0.00409078],[-0.19316021  0.37264128]
1763500377.501714,0.059137821197509766,[-0.1208776  -0.01503061],[-0.07252656 -0.00901836],[-0.18215538  0.00222414],[-0.1870996   0.38194521]
1763500377.558907,0.05719304084777832,[-0.12553878 -0.00217314],[-0.07532327 -0.00130388],[-0.19723326  0.00196313],[-0.17929791  0.49457821]
1763500377.6167705,0.057863473892211914,[-0.12757916  0.00458253],[-0.0765475   0.00274952],[-0.21273583  0.00251997],[-0.07757657  0.25685416]
1763500377.6743164,0.05754590034484863,[-0.13171563  0.01811177],[-0.07902938  0.01086706],[-0.22865319  0.00470871],[-0.15813859  0.51722749]
1763500377.7325466,0.05823016166687012,[-0.13464069  0.03517291],[-0.08078442  0.02110374],[-0.2451175   0.00900977],[-0.11051209  0.6445887 ]
1763500377.791923,0.05937647819519043,[-0.13620691  0.05086206],[-0.08172415  0.03051723],[-0.26210122  0.0153518 ],[-0.0580311   0.58130984]
1763500377.8519835,0.06006050109863281,[-0.13667841  0.05826797],[-0.08200705  0.03496078],[-0.27934007  0.02270096],[-0.01727079  0.27127674]
1763500377.908363,0.05637955665588379,[-0.13549147  0.07301954],[-0.08129488  0.04381172],[-0.29538186  0.03134626],[0.04631599 0.57562417]
1763500377.9664357,0.058072566986083984,[-0.13258929  0.08779761],[-0.07955358  0.05267857],[-0.31155144  0.04205339],[0.1099449  0.55984716]
1763500378.025684,0.05924844741821289,[-0.12757936  0.1       ],[-0.07654761  0.06      ],[-0.32742509  0.05449556],[0.18602786 0.4530964 ]
1763500378.08521,0.05952596664428711,[-0.12122579  0.10888789],[-0.07273547  0.06533274],[-0.34257886  0.06810704],[0.2348194  0.32848469]
1763500378.1418703,0.05666017532348633,[-0.11796875  0.115625  ],[-0.07078125  0.069375  ],[-0.35661553  0.08186484],[0.12646413 0.26158816]
1763500378.199738,0.05786776542663574,[-0.11003528  0.12667338],[-0.06602117  0.07600403],[-0.36998727  0.09725849],[0.30161251 0.42003414]
1763500378.2578716,0.058133602142333984,[-0.09882383  0.13096383],[-0.0592943  0.0785783],[-0.38205174  0.11324662],[0.4242843  0.16236733]
1763500378.3175342,0.059662580490112305,[-0.08696342  0.13624331],[-0.05217805  0.08174599],[-0.39294751  0.13031674],[0.43734146 0.19467563]
1763500378.3767276,0.05919337272644043,[-0.08024378  0.13917128],[-0.04814627  0.08350277],[-0.4029223   0.14761658],[0.24974419 0.10882191]
1763500378.4364357,0.0597081184387207,[-0.06476898  0.13906002],[-0.03886139  0.08343601],[-0.41104349  0.1650529 ],[ 0.57018296 -0.00409955]
1763500378.4961176,0.05968189239501953,[-0.04720635  0.13351641],[-0.02832381  0.08010984],[-0.41695996  0.18178678],[ 0.64739538 -0.20434924]
1763500378.5556066,0.05948901176452637,[-0.03872838  0.12955958],[-0.02323703  0.07773575],[-0.42179818  0.19797226],[ 0.31352921 -0.14632985]
1763500378.6147528,0.05914616584777832,[-0.02109375  0.12604167],[-0.01265625  0.075625  ],[-0.42441817  0.21362751],[ 0.65593747 -0.13085228]
1763500378.6737638,0.059010982513427734,[-0.00227547  0.11939726],[-0.00136528  0.07163836],[-0.42470015  0.22842358],[ 0.7015681  -0.24771147]
1763500378.7333074,0.059543609619140625,[0.02107515 0.10880648],[0.01264509 0.06528389],[-0.42206488  0.24202892],[ 0.86275194 -0.39130491]
1763500378.7922676,0.0589601993560791,[0.0477459  0.09583333],[0.02864754 0.0575    ],[-0.41615315  0.25389466],[ 0.99517358 -0.48407111]
1763500378.8518045,0.05953693389892578,[0.06196022 0.08727274],[0.03717613 0.05236364],[-0.40840642  0.26480616],[ 0.52524564 -0.3163298 ]
1763500378.9105818,0.0587773323059082,[0.08890624 0.07229166],[0.05334374 0.043375  ],[-0.39743251  0.27372929],[ 1.00857324 -0.56073273]
1763500378.969311,0.05872917175292969,[0.1172631 0.0562836],[0.07035786 0.03377016],[-0.3829703   0.28067082],[ 1.06225058 -0.59966332]
1763500379.0292249,0.05991387367248535,[0.14203537 0.04301774],[0.08522122 0.02581064],[-0.36509954  0.28608327],[ 0.909622   -0.48711424]
1763500379.0882053,0.058980464935302734,[0.17096841 0.03316809],[0.10258105 0.01990086],[-0.34392356  0.29019144],[ 1.07921676 -0.3673965 ]
1763500379.1454575,0.05725216865539551,[0.18679316 0.02395833],[0.1120759 0.014375 ],[-0.3214655   0.29307194],[ 0.60808952 -0.35389877]
1763500379.2046027,0.059145212173461914,[0.21357925 0.00552692],[0.12814755 0.00331615],[-0.29493791  0.29375841],[ 0.99635107 -0.68558551]
1763500379.26405,0.059447288513183594,[ 0.24255757 -0.0094079 ],[ 0.14553454 -0.00564474],[-0.26465719  0.29258393],[ 1.0724175  -0.55270169]
1763500379.3235455,0.05949544906616211,[ 0.26989009 -0.02379885],[ 0.16193406 -0.01427931],[-0.230937    0.28961049],[ 1.01069151 -0.53214289]
1763500379.382447,0.05890154838562012,[ 0.2845499  -0.03020833],[ 0.17072994 -0.018125  ],[-0.1957401   0.28587393],[ 0.54755067 -0.23939726]
1763500379.4414685,0.0590214729309082,[ 0.30901352 -0.04270833],[ 0.18540811 -0.025625  ],[-0.15743939  0.28058044],[ 0.91187082 -0.46593212]
1763500379.50129,0.05982160568237305,[ 0.33428819 -0.053125  ],[ 0.20057292 -0.031875  ],[-0.11544431  0.27390659],[ 0.92950153 -0.38308344]
1763500379.5595245,0.058234453201293945,[ 0.35744629 -0.06354167],[ 0.21446777 -0.038125  ],[-0.07173136  0.26613593],[ 0.87487409 -0.3935242 ]
1763500379.618381,0.05885648727416992,[ 0.3690625  -0.06812503],[ 0.2214375  -0.04087502],[-0.02611574  0.25771577],[ 0.43420283 -0.17132163]
1763500379.677703,0.05932188034057617,[ 0.38828125 -0.07708333],[ 0.23296875 -0.04625   ],[0.02225476 0.24811304],[ 0.71274309 -0.33222611]
1763500379.7380297,0.06032681465148926,[ 0.38298912 -0.07693621],[ 0.22979347 -0.04616173],[0.07077424 0.23836628],[-0.19299353  0.00536518]
1763500379.7968447,0.05881500244140625,[ 0.37241417 -0.071875  ],[ 0.2234485 -0.043125 ],[0.11677168 0.22948889],[-0.39556042  0.18931682]
1763500379.8564312,0.059586524963378906,[ 0.36640625 -0.071875  ],[ 0.21984375 -0.043125  ],[0.16262071 0.22049505],[-0.22181907 -0.        ]
1763500379.914696,0.058264732360839844,[ 0.35234375 -0.065625  ],[ 0.21140625 -0.039375  ],[0.20573206 0.21246544],[-0.53098159  0.23599182]
1763500379.973962,0.059266090393066406,[ 0.33808302 -0.06458333],[ 0.20284981 -0.03875   ],[0.24780947 0.20442747],[-0.52936869  0.03866742]
1763500380.0338614,0.059899330139160156,[ 0.32136323 -0.05954558],[ 0.19281794 -0.03572735],[0.2882333  0.19693732],[-0.61408902  0.18502805]
1763500380.0899625,0.056101083755493164,[ 0.30353311 -0.05833333],[ 0.18211987 -0.035     ],[0.32399322 0.19006494],[-0.69920694  0.04753819]
1763500380.1463733,0.056410789489746094,[ 0.29404883 -0.05650196],[ 0.1764293  -0.03390118],[0.35882703 0.18337156],[-0.36988339  0.07142286]
1763500380.2029765,0.056603193283081055,[ 0.27551172 -0.05162239],[ 0.16530703 -0.03097343],[0.3915762  0.17723538],[-0.7204833   0.18965457]
1763500380.2622395,0.059262990951538086,[ 0.25698771 -0.04961109],[ 0.15419263 -0.02976665],[0.42355891 0.17106117],[-0.68766031  0.07466478]
1763500380.3215275,0.05928802490234375,[ 0.23690612 -0.04706052],[ 0.14214367 -0.02823631],[0.45305487 0.1652019 ],[-0.74516737  0.09464398]
1763500380.3787444,0.05721688270568848,[ 0.2274518  -0.04536222],[ 0.13647108 -0.02721733],[0.48038444 0.15975139],[-0.36352047  0.06530008]
1763500380.4387555,0.06001114845275879,[ 0.20842392 -0.0445652 ],[ 0.12505435 -0.02673912],[0.50665074 0.15413513],[-0.69755921  0.02921854]
1763500380.498246,0.05949044227600098,[ 0.18922994 -0.04794044],[ 0.11353796 -0.02876427],[0.53029122 0.14814593],[-0.70980751 -0.12481899]
1763500380.556278,0.05803203582763672,[ 0.16953125 -0.04595833],[ 0.10171875 -0.027575  ],[0.55095153 0.14254512],[-0.74677926  0.07514223]
1763500380.614634,0.05835604667663574,[ 0.15978742 -0.04859174],[ 0.09587245 -0.02915504],[0.57053311 0.13659031],[-0.36733869 -0.09927862]
1763500380.6729512,0.05831718444824219,[ 0.14135346 -0.04430606],[ 0.08481208 -0.02658363],[0.58784412 0.13116432],[-0.69541586  0.16167632]
1763500380.7309706,0.058019399642944336,[ 0.12069688 -0.04791851],[ 0.07241813 -0.02875111],[0.60254991 0.12532589],[-0.78326368 -0.13697833]
1763500380.7891903,0.05821967124938965,[ 0.09841666 -0.05040423],[ 0.05905    -0.03024254],[0.61458246 0.11916341],[-0.84192292 -0.09393019]
1763500380.8482115,0.0590212345123291,[ 0.09076691 -0.05227655],[ 0.05446014 -0.03136593],[0.62583253 0.11268401],[-0.28514249 -0.06979009]
1763500380.9065154,0.0583038330078125,[ 0.07047901 -0.05625   ],[ 0.04228741 -0.03375   ],[0.63446184 0.10579687],[-0.76553062 -0.14993174]
1763500380.9644165,0.05790114402770996,[ 0.04981236 -0.0587382 ],[ 0.02988742 -0.03524292],[0.64051865 0.09865475],[-0.78524568 -0.09454113]
1763500381.0218792,0.05746269226074219,[ 0.0311296  -0.06089369],[ 0.01867776 -0.03653622],[0.64427511 0.09130661],[-0.71528297 -0.08252465]
1763500381.0805247,0.05864548683166504,[ 0.02281513 -0.06357695],[ 0.01368908 -0.03814617],[0.64708492 0.08347676],[-0.3119051  -0.10065852]
1763500381.1385763,0.05805158615112305,[ 0.00429301 -0.06684202],[ 0.00257581 -0.04010521],[0.64760827 0.07532816],[-0.70193884 -0.12373716]
1763500381.198193,0.059616804122924805,[-0.01078987 -0.07651329],[-0.00647392 -0.04590797],[0.64625743 0.06574905],[-0.55659381 -0.35689274]
1763500381.2565582,0.0583651065826416,[-0.0259511 -0.0795969],[-0.01557066 -0.04775814],[0.64307669 0.05599312],[-0.57148361 -0.11623286]
1763500381.3154652,0.05890703201293945,[-0.03266487 -0.08276329],[-0.01959892 -0.04965797],[0.63903589 0.04575491],[-0.25073913 -0.1182551 ]
1763500381.3728049,0.05733966827392578,[-0.04697409 -0.08567785],[-0.02818445 -0.05140671],[0.63337958 0.03543816],[-0.54901389 -0.11182525]
1763500381.4317555,0.05895066261291504,[-0.05859375 -0.090625  ],[-0.03515625 -0.054375  ],[0.62612589 0.02421911],[-0.4336382  -0.18462453]
1763500381.4909906,0.0592350959777832,[-0.07209902 -0.09557838],[-0.04325941 -0.05734703],[0.61715723 0.01232976],[-0.5015876  -0.18396941]
1763500381.5499709,0.05898022651672363,[-0.0790761  -0.09626357],[-0.04744566 -0.05775814],[6.07362981e-01 4.06700594e-04],[-0.26024957 -0.02555777]
1763500381.607033,0.05706214904785156,[-0.0905725  -0.10100168],[-0.0543435  -0.06060101],[ 0.59650963 -0.01169638],[-0.44323746 -0.18267518]
1763500381.6649983,0.05796527862548828,[-0.10162654 -0.10729167],[-0.06097592 -0.064375  ],[ 0.58413893 -0.02475668],[-0.41954229 -0.23872877]
1763500381.7231972,0.05819892883300781,[-0.1124475  -0.11350168],[-0.0674685  -0.06810101],[ 0.57039585 -0.0386286 ],[-0.40904729 -0.23474694]
1763500381.7818954,0.058698177337646484,[-0.11827364 -0.11506608],[-0.07096418 -0.06903965],[ 0.55581671 -0.05281236],[-0.21836294 -0.05863378]
1763500381.8408237,0.05892825126647949,[-0.13034039 -0.12013988],[-0.07820423 -0.07208393],[ 0.53968718 -0.06767959],[-0.45049429 -0.18942296]
1763500381.8992262,0.05840253829956055,[-0.13984375 -0.12916667],[-0.08390625 -0.0775    ],[ 0.52253599 -0.08352128],[-0.3579879  -0.34003522]
1763500381.9583228,0.059096574783325195,[-0.15197783 -0.13578587],[-0.0911867  -0.08147152],[ 0.50367512 -0.10037268],[-0.45171764 -0.24641425]
1763500382.017682,0.05935931205749512,[-0.15720663 -0.14022109],[-0.09432398 -0.08413265],[ 0.4840786  -0.11785188],[-0.19379221 -0.16438005]
1763500382.076828,0.05914592742919922,[-0.16963463 -0.14565659],[-0.10178078 -0.08739395],[ 0.46300888 -0.13594337],[-0.4622735  -0.20217955]
1763500382.1344688,0.057640790939331055,[-0.18011365 -0.1556345 ],[-0.10806819 -0.0933807 ],[ 0.4412069  -0.15478225],[-0.39995715 -0.38083114]
1763500382.1919742,0.05750536918640137,[-0.19184041 -0.16264153],[-0.11510425 -0.09758492],[ 0.41804001 -0.17442305],[-0.44863418 -0.2680699 ]
1763500382.248685,0.05671072006225586,[-0.19735074 -0.16623828],[-0.11841044 -0.09974297],[ 0.39453702 -0.19422078],[-0.21376428 -0.13953009]
1763500382.3070896,0.05840468406677246,[-0.2087296  -0.17323367],[-0.12523776 -0.1039402 ],[ 0.36893637 -0.21546786],[-0.42862132 -0.2635039 ]
1763500382.3649297,0.05784010887145996,[-0.21748209 -0.184375  ],[-0.13048925 -0.110625  ],[ 0.34252007 -0.23786283],[-0.33290871 -0.42377047]
1763500382.4233415,0.05841183662414551,[-0.21946702 -0.17309074],[-0.13168021 -0.10385445],[ 0.31559918 -0.25909498],[-0.07475961  0.42500569]
1763500382.4818685,0.05852699279785156,[-0.21713543 -0.17288195],[-0.13028126 -0.10372917],[ 0.28891178 -0.28034333],[0.08764331 0.00784835]
1763500382.5392559,0.057387351989746094,[-0.21546874 -0.15822919],[-0.12928124 -0.09493752],[ 0.26294491 -0.29941207],[0.06389414 0.56172785]
1763500382.597707,0.058451175689697266,[-0.2119411  -0.14811916],[-0.12716466 -0.0888715 ],[ 0.23692967 -0.31759333],[0.13277425 0.38052379]
1763500382.6573944,0.05968737602233887,[-0.20985074 -0.13290494],[-0.12591044 -0.07974297],[ 0.21062625 -0.33425209],[0.07704794 0.56077663]
1763500382.717437,0.060042619705200195,[-0.20776043 -0.12913195],[-0.12465626 -0.07747917],[ 0.18442984 -0.35053428],[0.07659033 0.13824476]
1763500382.776999,0.059561967849731445,[-0.20450683 -0.11550452],[-0.1227041  -0.06930271],[ 0.1588501 -0.3649816],[0.12017613 0.50334728]
1763500382.8373365,0.06033754348754883,[-0.20234375 -0.096875  ],[-0.12140625 -0.058125  ],[ 0.13321136 -0.37725652],[0.07886911 0.67926103]
1763500382.898469,0.06113243103027344,[-0.19865417 -0.08132222],[-0.1191925  -0.04879333],[ 0.10770851 -0.38769651],[0.13277838 0.55970464]
1763500382.9581084,0.05963945388793945,[-0.19609375 -0.071875  ],[-0.11765625 -0.043125  ],[ 0.08314917 -0.39669834],[0.0944498  0.34849237]
1763500383.0176904,0.05958199501037598,[-0.19140625 -0.05416667],[-0.11484375 -0.0325    ],[ 0.0592     -0.40347579],[0.17308081 0.65386084]
1763500383.0780118,0.06032133102416992,[-0.18671875 -0.034375  ],[-0.11203125 -0.020625  ],[ 0.03554744 -0.40783024],[0.17095942 0.72182868]
1763500383.1368306,0.058818817138671875,[-0.18079391 -0.01474301],[-0.10847634 -0.00884581],[ 0.01321586 -0.40965129],[0.22160695 0.73429524]
1763500383.1940103,0.05717968940734863,[-0.17399702  0.00741727],[-0.10439821  0.00445036],[-0.00767724 -0.40876064],[0.26151149 0.85262105]
1763500383.2537608,0.05975055694580078,[-0.17109375  0.01979167],[-0.10265625  0.011875  ],[-0.02914542 -0.40627726],[0.10689767 0.45562224]
1763500383.3131456,0.059384822845458984,[-0.16223078  0.04400765],[-0.09733847  0.02640459],[-0.04937692 -0.40078915],[0.32834213 0.89711753]
1763500383.3729239,0.05977821350097656,[-0.15444455  0.06909908],[-0.09266673  0.04145945],[-0.068765   -0.39211485],[0.28655419 0.92343235]
1763500383.4328694,0.05994558334350586,[-0.1453876  0.0975118],[-0.08723256  0.05850708],[-0.08706723 -0.3798395 ],[0.33238961 1.04274558]
1763500383.4911382,0.05826878547668457,[-0.13618083  0.12291667],[-0.0817085  0.07375  ],[-0.10373092 -0.36479887],[0.34761147 0.95918777]
1763500383.5500588,0.05892062187194824,[-0.13046875  0.13625991],[-0.07828125  0.08175594],[-0.11987425 -0.34793899],[0.21327976 0.49821479]
1763500383.60827,0.05821108818054199,[-0.1205338   0.16545642],[-0.07232028  0.09927385],[-0.1346087  -0.32771305],[0.3754764  1.10343817]
1763500383.665715,0.05744504928588867,[-0.10956712  0.190625  ],[-0.06574027  0.114375  ],[-0.14782628 -0.30471708],[0.41999618 0.96389283]
1763500383.724143,0.058428049087524414,[-0.09914451  0.22130804],[-0.0594867   0.13278482],[-0.1599912  -0.27756282],[0.39244413 1.15531308]
1763500383.7838447,0.05970168113708496,[-0.09366035  0.23125   ],[-0.05619621  0.13875   ],[-0.17173373 -0.2485702 ],[0.20209036 0.36636005]
1763500383.84265,0.058805227279663086,[-0.08201323  0.25439161],[-0.04920794  0.15263496],[-0.18186163 -0.21715513],[0.4357382  0.86576546]
1763500383.9011261,0.05847620964050293,[-0.07109375  0.27291667],[-0.04265625  0.16375   ],[-0.19059194 -0.18364095],[0.41081401 0.69695236]
1763500383.9576616,0.05653548240661621,[-0.06015625  0.28971354],[-0.03609375  0.17382812],[-0.19773396 -0.14924485],[0.42561766 0.65362713]
1763500384.0176697,0.06000804901123047,[-0.05569859  0.29849639],[-0.03341915  0.17909783],[-0.20475293 -0.11162926],[0.16342577 0.32199455]
1763500384.076078,0.058408260345458984,[-0.04463558  0.30896595],[-0.02678135  0.18537957],[-0.21022781 -0.07373232],[0.41669804 0.3943456 ]
1763500384.1334968,0.0574188232421875,[-0.03430519  0.31881205],[-0.02058311  0.19128723],[-0.21436431 -0.03529011],[0.39580853 0.37725291]
1763500384.1930983,0.059601545333862305,[-0.02125244  0.31547564],[-0.01275146  0.18928538],[-0.21702434  0.00419585],[ 0.48180041 -0.12315302]
1763500384.2523127,0.05921435356140137,[-0.01585536  0.31564218],[-0.00951322  0.18938531],[-0.21899595  0.043446  ],[0.2005186  0.00618761]
1763500384.3118026,0.05948996543884277,[-0.0046422  0.3097741],[-0.00278532  0.18586446],[-0.2195759   0.08214574],[ 0.41467415 -0.21700782]
1763500384.3690512,0.057248592376708984,[0.00778284 0.29997363],[0.0046697  0.17998418],[-0.21864023  0.11820919],[ 0.47748057 -0.37662105]
1763500384.4277022,0.058650970458984375,[0.02271371 0.28217557],[0.01362823 0.16930534],[-0.21584265  0.15296391],[ 0.5600574 -0.6676058]
1763500384.486926,0.05922389030456543,[0.0344409  0.26360755],[0.02066454 0.15816453],[-0.21155923  0.18574883],[ 0.43563194 -0.68974953]
1763500384.5450277,0.058101654052734375,[0.048491   0.24895833],[0.0290946 0.149375 ],[-0.20564267  0.2161251 ],[ 0.53200249 -0.55468775]
1763500384.6029058,0.05787801742553711,[0.05428534 0.22923447],[0.0325712  0.13754068],[-0.19904462  0.24398714],[ 0.22024831 -0.74972321]
1763500384.6597834,0.05687761306762695,[0.06484375 0.209375  ],[0.03890625 0.125625  ],[-0.19129949  0.26899551],[ 0.40839463 -0.76815531]
1763500384.7179472,0.05816388130187988,[0.07734375 0.17916667],[0.04640625 0.1075    ],[-0.18185241  0.29087967],[ 0.47280201 -1.14260486]
1763500384.7750869,0.05713963508605957,[0.08446407 0.16487853],[0.05067844 0.09892712],[-0.17171729  0.31066398],[ 0.2741479  -0.55012438]
1763500384.833559,0.0584721565246582,[0.09429584 0.1399992 ],[0.0565775  0.08399952],[-0.16013856  0.3278547 ],[ 0.36991755 -0.9360784 ]
1763500384.891144,0.05758500099182129,[0.1046015  0.11137231],[0.0627609  0.06682339],[-0.14748926  0.34132278],[ 0.39372175 -1.09367284]
1763500384.9483051,0.05716109275817871,[0.10771277 0.09991134],[0.06462766 0.0599468 ],[-0.1345596   0.35331597],[ 0.11974557 -0.44110665]
1763500385.0047235,0.056418418884277344,[0.11385915 0.07798945],[0.06831549 0.04679367],[-0.12106972  0.36255606],[ 0.23967427 -0.85482998]
1763500385.0625017,0.057778120040893555,[0.11923492 0.05761493],[0.07154095 0.03456896],[-0.10660246  0.36954671],[ 0.20469144 -0.77579446]
1763500385.1223822,0.05988049507141113,[0.12208641 0.03918384],[0.07325184 0.0235103 ],[-0.09125021  0.37447404],[ 0.10476316 -0.6771554 ]
1763500385.1802087,0.05782651901245117,[0.12383356 0.03333667],[0.07430014 0.020002  ],[-0.0762124  0.3785223],[ 0.06647022 -0.2224545 ]
1763500385.2385814,0.05837273597717285,[0.12526939 0.01997128],[0.07516163 0.01198277],[-0.06085653  0.38097044],[ 0.05411468 -0.5037261 ]
1763500385.2977211,0.05913972854614258,[0.1251343  0.01048829],[0.07508058 0.00629297],[-0.04531568  0.38227301],[-0.00502528 -0.35276748]
1763500385.356293,0.058571815490722656,[0.12446489 0.00225458],[0.07467894 0.00135275],[-0.03000639  0.38255033],[-0.02514345 -0.30926399]
1763500385.4144049,0.05811190605163574,[ 0.12377832 -0.00306908],[ 0.07426699 -0.00184145],[-0.01490111  0.38217579],[-0.02599231 -0.20154324]
1763500385.4708774,0.0564725399017334,[ 0.11959283 -0.00339731],[ 0.0717557  -0.00203838],[-0.00071831  0.3817729 ],[-0.16305392 -0.01278658]
1763500385.527886,0.05700850486755371,[ 0.11596422 -0.00987355],[ 0.06957853 -0.00592413],[0.01316468 0.38059086],[-0.14003078 -0.24992298]
1763500385.5865166,0.05863070487976074,[ 0.10990288 -0.0094876 ],[ 0.06594173 -0.00569256],[0.02669641 0.3794227 ],[-0.22743964  0.01448208]
1763500385.6454942,0.058977603912353516,[ 0.1074347 -0.0086112],[ 0.06446082 -0.00516672],[0.04000252 0.37835618],[-0.0920688   0.03269154]
1763500385.703958,0.05846381187438965,[ 0.10145712 -0.00746578],[ 0.06087427 -0.00447947],[0.05245882 0.37743958],[-0.22493714  0.04310253]
1763500385.7613802,0.05742216110229492,[ 0.09453125 -0.0075072 ],[ 0.05671875 -0.00450432],[0.06385801 0.37653431],[-0.26534898 -0.00158696]
1763500385.8207717,0.05939149856567383,[ 0.08728795 -0.00648095],[ 0.05237277 -0.00388857],[0.07474475 0.37572599],[-0.26830875  0.03801466]
1763500385.878834,0.05806231498718262,[ 0.08359375 -0.00520833],[ 0.05015625 -0.003125  ],[0.08493741 0.37509094],[-0.13997446  0.04821979]
1763500385.939111,0.06027698516845703,[ 0.07625937 -0.00251026],[ 0.04575562 -0.00150616],[0.09459045 0.37477318],[-0.26769132  0.0984747 ]
1763500385.998454,0.05934309959411621,[ 0.06832681 -0.0013238 ],[ 0.04099608 -0.00079428],[0.10310537 0.37460821],[-0.29408051  0.04398533]
1763500386.055446,0.0569918155670166,[ 0.06171875 -0.00208333],[ 0.03703125 -0.00125   ],[0.11049204 0.37435887],[-0.25508444 -0.02931971]
1763500386.1120255,0.05657958984375,[ 0.05916295 -0.00439761],[ 0.03549777 -0.00263857],[0.11752162 0.37383636],[-0.09937787 -0.08998685]
1763500386.169288,0.057262420654296875,[ 0.05150862 -0.00524426],[ 0.03090517 -0.00314655],[0.12371558 0.37320573],[-0.29407651 -0.03252759]
1763500386.2266958,0.05740785598754883,[ 0.04291348 -0.0076314 ],[ 0.02574809 -0.00457884],[0.12888908 0.37228572],[-0.3293851  -0.09148073]
1763500386.2851303,0.058434486389160156,[ 0.03382502 -0.00771071],[ 0.02029501 -0.00462643],[0.13303983 0.37133952],[-0.34217176 -0.00298609]
1763500386.341756,0.0566258430480957,[ 0.03034472 -0.01145833],[ 0.01820683 -0.006875  ],[0.13664825 0.36997696],[-0.13521461 -0.14560081]
1763500386.3997276,0.05797147750854492,[ 0.02174239 -0.01222763],[ 0.01304543 -0.00733658],[0.13929517 0.36848837],[-0.32645593 -0.0291946 ]
1763500386.4583669,0.0586392879486084,[ 0.01567526 -0.0183356 ],[ 0.00940516 -0.01100136],[0.14122547 0.36623047],[-0.22762371 -0.22915567]
1763500386.516425,0.05805802345275879,[ 0.00901246 -0.02269815],[ 0.00540748 -0.01361889],[0.14232428 0.36346307],[-0.25247424 -0.16531071]
1763500386.574607,0.0581820011138916,[ 0.00703125 -0.02708333],[ 0.00421875 -0.01625   ],[0.14318337 0.36015397],[-0.07491429 -0.1658143 ]
1763500386.6326313,0.05802440643310547,[ 0.00103803 -0.03368301],[ 0.00062282 -0.02020981],[0.14330986 0.35604966],[-0.22723354 -0.25022742]
1763500386.692194,0.05956268310546875,[-0.00481658 -0.03779634],[-0.00288995 -0.0226778 ],[0.14270739 0.35132203],[-0.21624504 -0.15192925]
1763500386.7515585,0.05936455726623535,[-0.00714288 -0.04315478],[-0.00428573 -0.02589287],[0.14181692 0.34594211],[-0.08621062 -0.19857929]
1763500386.81109,0.059531450271606445,[-0.01093912 -0.05119139],[-0.00656347 -0.03071484],[0.14044936 0.33954237],[-0.14029116 -0.29699511]
1763500386.8701036,0.05901360511779785,[-0.01436982 -0.05932566],[-0.00862189 -0.0355954 ],[0.13866853 0.33219022],[-0.12789493 -0.30324183]
1763500386.9288614,0.058757781982421875,[-0.01703987 -0.06817996],[-0.01022392 -0.04090797],[0.13656595 0.32377741],[-0.0999716  -0.33152113]
1763500386.9885552,0.05969381332397461,[-0.01815519 -0.07175401],[-0.01089312 -0.04305241],[0.13429007 0.31478254],[-0.04110491 -0.13172081]
1763500387.0477169,0.05916166305541992,[-0.02053723 -0.07987684],[-0.01232234 -0.0479261 ],[0.13173854 0.30485868],[-0.08857912 -0.30205737]
1763500387.1039846,0.056267738342285156,[-0.02246876 -0.08839169],[-0.01348125 -0.05303501],[0.12908358 0.29441412],[-0.07552025 -0.33292023]
1763500387.1610804,0.05709576606750488,[-0.02265625 -0.09583333],[-0.01359375 -0.0575    ],[0.12636707 0.2829236 ],[-0.00722441 -0.28673974]
1763500387.220905,0.05982470512390137,[-0.02146873 -0.10254167],[-0.01288124 -0.061525  ],[0.12366991 0.27004109],[ 0.04366981 -0.24669305]
1763500387.2808144,0.05990934371948242,[-0.02130828 -0.10447909],[-0.01278497 -0.06268745],[0.12098912 0.25689662],[ 0.00589228 -0.07114627]
1763500387.3407617,0.05994725227355957,[-0.0197576  -0.10882009],[-0.01185456 -0.06529205],[0.11850185 0.24319734],[ 0.05690809 -0.15930999]
1763500387.400717,0.05995535850524902,[-0.0194531  -0.10743332],[-0.01167186 -0.06445999],[0.11605259 0.22967082],[0.01117361 0.05088608]
1763500387.4611197,0.060402631759643555,[-0.01724    -0.11149832],[-0.010344   -0.06689899],[0.11386577 0.21552775],[ 0.08060597 -0.14805664]
1763500387.519724,0.05860424041748047,[-0.01640625 -0.11354167],[-0.00984375 -0.068125  ],[0.11184667 0.2015543 ],[ 0.03129892 -0.07670697]
1763500387.5796268,0.05990290641784668,[-0.01521974 -0.11228383],[-0.00913184 -0.0673703 ],[0.10993209 0.18742943],[0.04357603 0.04619529]
1763500387.6391573,0.05953049659729004,[-0.01216722 -0.11431828],[-0.00730033 -0.06859097],[0.10841102 0.17313804],[ 0.11280849 -0.07518452]
1763500387.6987207,0.059563398361206055,[-0.01128178 -0.10878557],[-0.00676907 -0.06527134],[0.10699986 0.1595308 ],[0.03270407 0.20435304]
1763500387.757008,0.05828738212585449,[-0.00801301 -0.10896861],[-0.00480781 -0.06538116],[0.10601904 0.14619267],[ 0.12337638 -0.00690874]
1763500387.8154538,0.05844569206237793,[-0.00675998 -0.10763168],[-0.00405599 -0.06457901],[0.10518934 0.13298239],[0.04716638 0.05032421]
1763500387.8739173,0.05846357345581055,[-0.00441189 -0.10387268],[-0.00264713 -0.06232361],[0.10464768 0.12022958],[0.08835923 0.14145228]
1763500387.9318419,0.057924509048461914,[-0.00234375 -0.09791667],[-0.00140625 -0.05875   ],[0.10436258 0.10831885],[0.07854886 0.2262122 ]
1763500387.9905171,0.058675289154052734,[ 0.00044827 -0.09357923],[ 0.00026896 -0.05614754],[0.10441782 0.09678819],[0.10468554 0.16263002]
1763500388.0504572,0.05994009971618652,[ 0.00317969 -0.09426626],[ 0.00190782 -0.05655975],[0.10481806 0.0849225 ],[ 0.1002521  -0.02521616]
1763500388.108975,0.0585176944732666,[ 0.004919   -0.09009775],[ 0.0029514  -0.05405865],[0.10542254 0.07385065],[0.06539022 0.15671709]
1763500388.1668944,0.05791950225830078,[ 0.00703125 -0.0875    ],[ 0.00421875 -0.0525    ],[0.10627776 0.06320794],[0.08023101 0.09867211]
1763500388.2258255,0.05893111228942871,[ 0.00870848 -0.08481935],[ 0.00522509 -0.05089161],[0.10735548 0.05271109],[0.06261378 0.10007334]
1763500388.2851665,0.0593409538269043,[ 0.0093636 -0.0831082],[ 0.00561816 -0.04986492],[0.10852234 0.04235448],[0.02428809 0.06343884]
1763500388.3440578,0.05889129638671875,[ 0.01062675 -0.08088252],[ 0.00637605 -0.04852951],[0.10983656 0.0323516 ],[0.04718714 0.08314484]
1763500388.4029005,0.05884265899658203,[ 0.01121802 -0.07679984],[ 0.00673081 -0.0460799 ],[0.11122277 0.02286147],[0.02210661 0.15264258]
1763500388.4594362,0.05653572082519531,[ 0.01253848 -0.074167  ],[ 0.00752309 -0.0445002 ],[0.1127114 0.014056 ],[0.05138356 0.10245291]
1763500388.5183072,0.05887103080749512,[ 0.0114593  -0.06789703],[ 0.00687558 -0.04073822],[0.11412811 0.00566194],[-0.04032869  0.23430743]
1763500388.5789282,0.060621023178100586,[ 0.01228228 -0.06641051],[ 0.00736937 -0.03984631],[ 0.11569169 -0.00279239],[0.02986656 0.0539475 ]
1763500388.637748,0.05881977081298828,[ 0.0115489  -0.06293023],[ 0.00692934 -0.03775814],[ 0.11711823 -0.01056563],[-0.02743     0.13017062]
1763500388.6945395,0.05679154396057129,[ 0.01037631 -0.05870743],[ 0.00622579 -0.03522446],[ 0.11835573 -0.01756721],[-0.04542399  0.16358375]
1763500388.7529614,0.05842185020446777,[ 0.01080451 -0.05842196],[ 0.00648271 -0.03505318],[ 0.11968129 -0.02473476],[0.01612478 0.01074985]
1763500388.8100631,0.05710172653198242,[ 0.01118903 -0.0569582 ],[ 0.00671342 -0.03417492],[ 0.12102301 -0.03156482],[0.01481474 0.05639547]
1763500388.86658,0.05651688575744629,[ 0.01015625 -0.05208333],[ 0.00609375 -0.03125   ],[ 0.12222841 -0.03774636],[-0.04020249  0.18976105]
1763500388.923206,0.056626081466674805,[ 0.00937352 -0.05095895],[ 0.00562411 -0.03057537],[ 0.12334306 -0.04380613],[-0.03041005  0.04368377]
1763500388.9804726,0.0572664737701416,[ 0.00907855 -0.04767551],[ 0.00544713 -0.02860531],[ 0.12443484 -0.04953957],[-0.01133189  0.12613945]
1763500389.0385187,0.05804610252380371,[ 0.0078536  -0.04453583],[ 0.00471216 -0.0267215 ],[ 0.12539217 -0.05496834],[-0.0464266   0.11899697]
1763500389.0960457,0.05752706527709961,[ 0.00739479 -0.04443563],[ 0.00443687 -0.02666138],[ 0.12628551 -0.06033647],[-0.01754631  0.00383191]
1763500389.15342,0.05737423896789551,[ 0.00666757 -0.04215272],[ 0.00400054 -0.02529163],[ 0.12708886 -0.06541528],[-0.02788523  0.08753741]
1763500389.2132301,0.05981016159057617,[ 0.00595503 -0.04155375],[ 0.00357302 -0.02493225],[ 0.12783682 -0.07063449],[-0.02620931  0.02203198]
1763500389.2722545,0.05902433395385742,[ 0.00483418 -0.03910573],[ 0.00290051 -0.02346344],[ 0.12843602 -0.07548168],[-0.0417773   0.09124441]
1763500389.3321354,0.059880971908569336,[ 0.00433841 -0.03880761],[ 0.00260304 -0.02328457],[ 0.12898157 -0.08036174],[-0.01821428  0.01095274]
1763500389.3906198,0.05848431587219238,[ 0.0038383  -0.03839073],[ 0.00230298 -0.02303444],[ 0.12945298 -0.08507678],[-0.01881248  0.01568185]
1763500389.449801,0.05918121337890625,[ 0.00411229 -0.03977337],[ 0.00246737 -0.02386402],[ 0.12996406 -0.09001984],[ 0.01018532 -0.05139809]
1763500389.5085926,0.0587916374206543,[ 0.00448489 -0.03983701],[ 0.00269094 -0.02390221],[ 0.13051778 -0.09493821],[ 0.01394282 -0.0023815 ]
1763500389.5685935,0.06000089645385742,[ 0.00370903 -0.03809668],[ 0.00222542 -0.02285801],[ 0.13098512 -0.09973846],[-0.02844784  0.06381109]
1763500389.6260178,0.057424306869506836,[ 0.00359163 -0.03890476],[ 0.00215498 -0.02334286],[ 0.13141824 -0.10443003],[-0.00449764 -0.0309586 ]
1763500389.6842227,0.05820488929748535,[ 0.00426602 -0.0397597 ],[ 0.00255961 -0.02385582],[ 0.13193968 -0.10928987],[ 0.02549029 -0.0323145 ]
1763500389.7428308,0.058608055114746094,[ 0.00330329 -0.03829098],[ 0.00198197 -0.02297459],[ 0.13234624 -0.1140026 ],[-0.03613864  0.05513216]
1763500389.8006566,0.05782580375671387,[ 0.00399904 -0.03910522],[ 0.00239943 -0.02346313],[ 0.13283186 -0.11875132],[ 0.02647013 -0.03097828]
1763500389.8598838,0.05922722816467285,[ 0.00370903 -0.03809668],[ 0.00222542 -0.02285801],[ 0.13329318 -0.12348967],[-0.01077253  0.03746239]
1763500389.9181337,0.05824995040893555,[ 0.00390625 -0.03854167],[ 0.00234375 -0.023125  ],[ 0.13377101 -0.12820428],[ 0.00744865 -0.01680629]
1763500389.9761682,0.058034420013427734,[ 0.0033463  -0.03837306],[ 0.00200778 -0.02302383],[ 0.13417883 -0.13288089],[-0.02122688  0.00639174]
1763500390.0328937,0.056725502014160156,[ 0.00371289 -0.03916626],[ 0.00222774 -0.02349976],[ 0.13462112 -0.13754652],[ 0.01421765 -0.03076299]
1763500390.0911613,0.05826759338378906,[ 0.00379553 -0.03829562],[ 0.00227732 -0.02297737],[ 0.13508555 -0.14223244],[0.00312007 0.03287265]
1763500390.1482887,0.05712747573852539,[ 0.00360131 -0.03773543],[ 0.00216079 -0.02264126],[ 0.13551759 -0.14675947],[-0.00747932  0.02157306]
1763500390.207274,0.058985233306884766,[ 0.0033463  -0.03837306],[ 0.00200778 -0.02302383],[ 0.13593209 -0.15151271],[-0.00951132 -0.02378186]
1763500390.2666533,0.05937933921813965,[ 0.00335274 -0.03838545],[ 0.00201164 -0.02303127],[ 0.13635017 -0.15629924],[ 0.0002385  -0.00045934]
1763500390.3255482,0.05889487266540527,[ 0.0035573  -0.03890769],[ 0.00213438 -0.02334461],[ 0.13679013 -0.16111132],[ 0.00764139 -0.01950782]
1763500390.3845785,0.05903029441833496,[ 0.00342054 -0.03856119],[ 0.00205233 -0.02313671],[ 0.13721416 -0.1658915 ],[-0.00509679  0.01291377]
1763500390.4421291,0.057550668716430664,[ 0.00322194 -0.03801276],[ 0.00193316 -0.02280766],[ 0.13760355 -0.17048558],[-0.00759202  0.02096479]
1763500390.4992957,0.05716657638549805,[ 0.00333624 -0.03835392],[ 0.00200174 -0.02301235],[ 0.13800406 -0.17508997],[ 0.00439864 -0.01312925]
1763500390.558259,0.05896329879760742,[ 0.00252838 -0.03576005],[ 0.00151703 -0.02145603],[ 0.13831713 -0.17951788],[-0.03014225  0.09678067]
1763500390.6178486,0.05958962440490723,[ 0.00302591 -0.03776118],[ 0.00181555 -0.02265671],[ 0.13869579 -0.18424325],[ 0.01836847 -0.07387995]
1763500390.6756516,0.05780291557312012,[ 0.00320287 -0.0382918 ],[ 0.00192172 -0.02297508],[ 0.13908458 -0.18889134],[ 0.00673494 -0.02019576]
1763500390.7328894,0.057237863540649414,[ 0.00357566 -0.03774707],[ 0.0021454  -0.02264824],[ 0.13951437 -0.19342852],[0.01432864 0.02093763]
1763500390.7925224,0.05963301658630371,[ 0.0033463  -0.03837306],[ 0.00200778 -0.02302383],[ 0.13993342 -0.19823395],[-0.00846157 -0.02309429]
1763500390.8496752,0.057152748107910156,[ 0.0036624  -0.03783118],[ 0.00219744 -0.02269871],[ 0.14037299 -0.20277448],[0.01216756 0.02085868]
1763500390.9094775,0.05980229377746582,[ 0.0033463  -0.03837306],[ 0.00200778 -0.02302383],[ 0.14079323 -0.20759355],[-0.01162848 -0.01993454]
1763500390.9671566,0.057679176330566406,[ 0.00321178 -0.03746141],[ 0.00192707 -0.02247684],[ 0.14118226 -0.21213111],[-0.0051307   0.03477213]
1763500391.0240827,0.05692601203918457,[ 0.00371904 -0.03799616],[ 0.00223143 -0.0227977 ],[ 0.14162685 -0.21667335],[ 0.01960388 -0.02066657]
1763500391.0811467,0.057064056396484375,[ 0.00301509 -0.03715541],[ 0.00180905 -0.02229324],[ 0.14198817 -0.22112585],[-0.02713968  0.03241393]
1763500391.1400259,0.05887913703918457,[ 0.00314164 -0.03792108],[ 0.00188498 -0.02275265],[ 0.14237662 -0.22581465],[ 0.0047286  -0.02860914]
1763500391.1980352,0.05800938606262207,[ 0.00319223 -0.0379111 ],[ 0.00191534 -0.02274666],[ 0.14276549 -0.23043297],[0.00191871 0.00037856]
1763500391.2574306,0.05939531326293945,[ 0.00321584 -0.0371851 ],[ 0.0019295  -0.02231106],[ 0.14316661 -0.23507107],[0.00087427 0.02689103]
1763500391.3168106,0.05938005447387695,[ 0.00353432 -0.03853785],[ 0.00212059 -0.02312271],[ 0.14360733 -0.23987667],[ 0.0117995  -0.05011887]
1763500391.374842,0.058031320571899414,[ 0.00301509 -0.03715541],[ 0.00180905 -0.02229324],[ 0.14397477 -0.24440464],[-0.01968422  0.05240932]
1763500391.4348702,0.0600283145904541,[ 0.00314164 -0.03792108],[ 0.00188498 -0.02275265],[ 0.1443708  -0.24918495],[ 0.00463807 -0.02806145]
1763500391.492565,0.05769467353820801,[ 0.00317969 -0.03801626],[ 0.00190782 -0.02280975],[ 0.14475605 -0.25379095],[ 0.00145098 -0.00362926]
1763500391.5500808,0.057515859603881836,[ 0.00290689 -0.03749701],[ 0.00174414 -0.02249821],[ 0.14510715 -0.25831997],[-0.01043463  0.01986124]
1763500391.609396,0.05931520462036133,[ 0.00289931 -0.03719908],[ 0.00173959 -0.02231945],[ 0.1454683  -0.26295356],[-0.00028121  0.01105014]
1763500391.6685019,0.059105873107910156,[ 0.00290728 -0.03724384],[ 0.00174437 -0.02234631],[ 0.14582915 -0.26757635],[ 0.0002964  -0.00166599]
1763500391.7245302,0.05602836608886719,[ 0.00259252 -0.03787244],[ 0.00155551 -0.02272346],[ 0.14613419 -0.2720324 ],[-0.01235932 -0.02468244]
1763500391.7813346,0.05680441856384277,[ 0.00290728 -0.03724384],[ 0.00174437 -0.02234631],[ 0.14648099 -0.2764752 ],[0.01219047 0.02434523]
1763500391.839296,0.057961463928222656,[ 0.00290651 -0.03649851],[ 0.00174391 -0.02189911],[ 0.14683477 -0.28091776],[-2.89583230e-05  2.82898684e-02]
1763500391.8985221,0.059226036071777344,[ 0.00277882 -0.03652198],[ 0.00166729 -0.02191319],[ 0.14718039 -0.28546017],[-0.00474341 -0.00087146]
1763500391.955722,0.057199954986572266,[ 0.00301509 -0.03715541],[ 0.00180905 -0.02229324],[ 0.14754256 -0.28992327],[ 0.00908742 -0.02436273]
1763500392.0134597,0.05773758888244629,[ 0.00277882 -0.03652198],[ 0.00166729 -0.02191319],[ 0.14787949 -0.29435152],[-0.0090028   0.02413587]
1763500392.071312,0.05785226821899414,[ 0.00301509 -0.03715541],[ 0.00180905 -0.02229324],[ 0.14824579 -0.29886553],[ 0.00898496 -0.02408803]
1763500392.1276312,0.056319236755371094,[ 0.00261025 -0.03730043],[ 0.00156615 -0.02238026],[ 0.14855451 -0.30327706],[-0.01581407 -0.005665  ]
1763500392.1859326,0.058301448822021484,[ 0.00296817 -0.03866119],[ 0.0017809  -0.02319672],[ 0.14891791 -0.30801047],[ 0.01350585 -0.05134839]
1763500392.2453413,0.05940866470336914,[ 0.00314164 -0.03792108],[ 0.00188498 -0.02275265],[ 0.14930985 -0.31274143],[0.006424   0.02740766]
1763500392.3050234,0.05968213081359863,[ 0.00290098 -0.03724505],[ 0.00174059 -0.02234703],[ 0.14967344 -0.31740945],[-0.00887119  0.02491971]
1763500392.3637903,0.058766841888427734,[ 0.00280361 -0.0375857 ],[ 0.00168217 -0.02255142],[ 0.15001944 -0.32204791],[-0.00364516 -0.01275269]
1763500392.4230165,0.059226274490356445,[ 0.00264139 -0.03685519],[ 0.00158484 -0.02211311],[ 0.15034796 -0.32663179],[-0.00602577  0.02713546]
1763500392.4822187,0.05920219421386719,[ 0.00290728 -0.03724384],[ 0.00174437 -0.02234631],[ 0.1507094  -0.33126211],[ 0.00988047 -0.01444269]
1763500392.5412312,0.059012413024902344,[ 0.00277882 -0.03652198],[ 0.00166729 -0.02191319],[ 0.15105377 -0.33578814],[-0.00478902  0.02691145]
1763500392.60069,0.05945873260498047,[ 0.00257125 -0.0366113 ],[ 0.00154275 -0.02196678],[ 0.15137483 -0.34035955],[-0.00768008 -0.00330516]
1763500392.6594923,0.05880236625671387,[ 0.00262785 -0.036553  ],[ 0.00157671 -0.0219318 ],[ 0.15169933 -0.34487329],[0.00211762 0.00218125]
1763500392.718088,0.05859565734863281,[ 0.00170918 -0.03493907],[ 0.00102551 -0.02096344],[ 0.15190964 -0.34917258],[-0.03449204  0.0605959 ]
1763500392.776678,0.05859017372131348,[ 0.00178938 -0.03438574],[ 0.00107363 -0.02063145],[ 0.15212981 -0.35340338],[0.00301158 0.02077666]
1763500392.8353386,0.05866050720214844,[ 0.00022774 -0.03005212],[ 0.00013664 -0.01803127],[ 0.15215786 -0.35710541],[-0.05856771  0.16252794]
1763500392.8944068,0.05906820297241211,[-0.0019412  -0.02622817],[-0.00116472 -0.0157369 ],[ 0.15191707 -0.36035884],[-0.0807824   0.14242325]
1763500392.953246,0.05883932113647461,[-0.00287967 -0.02550039],[-0.0017278  -0.01530024],[ 0.15156125 -0.36350973],[-0.0350891   0.02721169]
1763500393.010092,0.056845903396606445,[-0.00565138 -0.02134288],[-0.00339083 -0.01280573],[ 0.15088661 -0.36605757],[-0.10726833  0.16090034]
1763500393.0685933,0.058501243591308594,[-0.00882359 -0.01608696],[-0.00529415 -0.00965218],[ 0.14980261 -0.36803389],[-0.11929413  0.19765439]
1763500393.1263165,0.057723283767700195,[-0.01129556 -0.01169704],[-0.00677733 -0.00701822],[ 0.14843337 -0.36945179],[-0.09421393  0.16731252]
1763500393.1840477,0.05773115158081055,[-0.01495862 -0.00456495],[-0.00897517 -0.00273897],[ 0.14661986 -0.37000523],[-0.13959082  0.27178719]
1763500393.240243,0.05619525909423828,[-0.01612334 -0.00321665],[-0.00967401 -0.00192999],[ 0.14471714 -0.37038482],[-0.04559796  0.05278507]
